{"lr": [1e-07, 1.2328467394420662e-07, 1.519911082952934e-07, 1.8738174228603841e-07, 2.3101297000831596e-07, 2.8480358684358017e-07, 3.5111917342151314e-07, 4.328761281083058e-07, 5.33669923120631e-07, 6.57933224657568e-07, 8.11130830789687e-07, 9.999999999999997e-07, 1.2328467394420662e-06, 1.5199110829529339e-06, 1.8738174228603837e-06, 2.31012970008316e-06, 2.848035868435802e-06, 3.5111917342151305e-06, 4.328761281083059e-06, 5.336699231206308e-06, 6.5793322465756785e-06, 8.111308307896871e-06, 9.999999999999997e-06, 1.232846739442066e-05, 1.5199110829529339e-05, 1.8738174228603847e-05, 2.310129700083161e-05, 2.8480358684358e-05, 3.51119173421513e-05, 4.328761281083058e-05, 5.336699231206311e-05, 6.579332246575681e-05, 8.111308307896876e-05, 9.999999999999996e-05, 0.00012328467394420657, 0.0001519911082952934, 0.00018738174228603844, 0.00023101297000831605, 0.00028480358684358, 0.000351119173421513, 0.00043287612810830576, 0.000533669923120631, 0.0006579332246575681, 0.0008111308307896874, 0.0009999999999999994, 0.0012328467394420656, 0.0015199110829529335, 0.0018738174228603841, 0.0023101297000831605, 0.002848035868435803, 0.003511191734215133, 0.0043287612810830566, 0.005336699231206315, 0.00657933224657568, 0.008111308307896864, 0.010000000000000005, 0.012328467394420655, 0.015199110829529348, 0.01873817422860384, 0.023101297000831574, 0.028480358684358022, 0.03511191734215129, 0.043287612810830614, 0.053366992312063086, 0.06579332246575686, 0.08111308307896872, 0.09999999999999991, 0.12328467394420667, 0.1519911082952933, 0.18738174228603857, 0.23101297000831597, 0.2848035868435799, 0.3511191734215133, 0.43287612810830556, 0.5336699231206313, 0.6579332246575679, 0.8111308307896862, 1.0000000000000002, 1.2328467394420652, 1.5199110829529345, 1.8738174228603834, 2.310129700083162, 2.848035868435802, 3.5111917342151284, 4.328761281083061, 5.336699231206307, 6.579332246575685, 8.11130830789687, 9.99999999999999, 12.328467394420665, 15.199110829529326, 18.738174228603853], "loss": [154.1337127685547, 155.12824096679688, 154.94110382080078, 155.75874436950684, 155.4714838783264, 155.0765458538437, 154.81333287999917, 155.1001549444953, 155.68474604370607, 155.48268647589575, 157.0782977880873, 156.14438259350715, 155.7324935114392, 155.77833953899224, 156.5543838047184, 157.29236514548833, 157.36127960305765, 157.77997557163522, 156.54164360213548, 157.09656978384513, 157.48575679758255, 158.41188018206864, 158.43453949938123, 158.89158678588677, 159.3182698062116, 159.12881047849865, 158.87327403782567, 158.94200886498712, 158.2416415149995, 158.47893840653464, 158.4376315618915, 159.12065797329888, 159.0626887343019, 160.1509849616493, 160.12212681464104, 160.89699200100858, 160.3191452696105, 159.9051808039815, 160.3429074510383, 160.51191625329108, 161.43676447138824, 161.39125834010397, 162.49184007641907, 161.57044936654341, 161.3921779052963, 160.98654682375218, 160.3414553224083, 158.59905067762577, 157.5303019096136, 158.38987766496297, 157.65376238278904, 156.41185871799527, 155.35140372154862, 153.66167548493405, 151.6148858848817, 148.42240529303018, 144.41892266265603, 139.50550445310722, 134.05615944438009, 128.75281789138106, 123.33788474522508, 121.5427533558642, 119.15064910481904, 118.52509907145308, 117.34727360701616, 116.91220934988311, 117.18049849481572, 115.8775408460759, 112.69555288000501, 109.21872430216686, 108.19650077931925, 110.42669191466969, 113.80996242147526, 116.77560596299915, 115.91261454424372, 116.52073519032255, 120.79858560732009, 127.29296647710056, 126.53581822953947, 138.04983237177345, 154.60843694459103, 173.88109126923646, 175.3161939628547, 179.75762913775884, 194.70288214132012, 215.16750610066035, 255.8325072604711, 302.8361577763538, 321.6473375584345, 353.26991757992687, 458.6534553923368, 569.4325257867824]}